	EUR___TSI___NA20819	EAS___CHS___HG00478	AMR___PUR___HG01403	AFR___LWK___NA19319	EAS___KHV___HG01864	AFR___ASW___NA20291	EUR___FIN___HG00329	AFR___ACB___HG01885	AFR___GWD___HG02881	EAS___KHV___HG01599
AFR___GWD___HG03538	0.00074	0.0	0.00105	0.00105	0.0	0.0	0.00105	0.00098	0.0	0.00048
AFR___ACB___HG02256	0.00116	0.00048	0.00147	0.00147	0.00048	0.00048	0.00147	0.0014	0.00048	0.0
AFR___GWD___HG02613	0.00074	0.0	0.00105	0.00105	0.0	0.0	0.00105	0.00098	0.0	0.00048
AFR___LWK___NA19316	0.0	0.00074	0.00039	0.00039	0.00074	0.00074	0.00039	0.00054	0.00074	0.00116
SAS___BEB___HG03937	0.0	0.00074	0.00039	0.00039	0.00074	0.00074	0.00039	0.00054	0.00074	0.00116
AFR___ACB___HG02555	0.00116	0.00048	0.00147	0.00147	0.00048	0.00048	0.00147	0.0014	0.00048	0.0
AMR___PUR___HG01191	0.00116	0.00048	0.00147	0.00147	0.00048	0.00048	0.00147	0.0014	0.00048	0.0
EAS___CDX___HG01809	0.00116	0.00048	0.00147	0.00147	0.00048	0.00048	0.00147	0.0014	0.00048	0.0
EAS___KHV___HG02512	0.00039	0.00105	0.0	0.0	0.00105	0.00105	0.0	0.00085	0.00105	0.00147
EAS___CHS___HG00620	0.0	0.00074	0.00039	0.00039	0.00074	0.00074	0.00039	0.00054	0.00074	0.00116
